text,question,answer
"Elon Musk, the CEO of SpaceX and Tesla, Inc., is known for his ambitious projects that aim to revolutionize transportation both on Earth and in space.",What companies does Elon Musk lead?,"SpaceX and Tesla, Inc."
"Elon Musk, the CEO of SpaceX and Tesla, Inc., is known for his ambitious projects that aim to revolutionize transportation both on Earth and in space.",What is Elon Musk known for?,"philosophy, science and theology"
"Elon Musk, the CEO of SpaceX and Tesla, Inc., is known for his ambitious projects that aim to revolutionize transportation both on Earth and in space.",What are his goals with these companies?,Revolutionizing transportation on Earth and in space
"Elon Musk, the CEO of SpaceX and Tesla, Inc., is known for his ambitious projects that aim to revolutionize transportation both on Earth and in space.",Has he achieved any significant milestones?,Making life multiplanetary and transitioning to sustainable energy
"Elon Musk, the CEO of SpaceX and Tesla, Inc., is known for his ambitious projects that aim to revolutionize transportation both on Earth and in space.",What projects is he currently working on?,Reusable rockets and electric vehicles
"Elon Musk, the CEO of SpaceX and Tesla, Inc., is known for his ambitious projects that aim to revolutionize transportation both on Earth and in space.",How does he plan to revolutionize transportation?,Starship project and Tesla expansion
"Elon Musk, the CEO of SpaceX and Tesla, Inc., is known for his ambitious projects that aim to revolutionize transportation both on Earth and in space.",What challenges has he faced?,Reusable spacecraft and advanced electric vehicle technology
"Elon Musk, the CEO of SpaceX and Tesla, Inc., is known for his ambitious projects that aim to revolutionize transportation both on Earth and in space.",What's his vision for the future of space exploration?,Rocket explosions and production delays
"Elon Musk, the CEO of SpaceX and Tesla, Inc., is known for his ambitious projects that aim to revolutionize transportation both on Earth and in space.",How does he fund his ambitious projects?,Human presence on Mars and affordable space travel
"Elon Musk, the CEO of SpaceX and Tesla, Inc., is known for his ambitious projects that aim to revolutionize transportation both on Earth and in space.",What impact has Elon Musk had on the tech industry?,"Company profits, government contracts, private investments"
